qid,epoch,direct_passed,labyrinth_passed,criteria_total,direct_fraction,labyrinth_fraction,delta,direct_strict,labyrinth_strict
"CIF-001",2,19,19,19,1,1,0,true,true
"CIF-001",3,19,19,19,1,1,0,true,true
"CIF-002",1,16,19,19,0.8421052631578947,1,0.1578947368421053,false,true
"CIF-002",2,17,18,19,0.8947368421052632,0.9473684210526315,0.05263157894736836,false,false
"CIF-002",3,18,18,19,0.9473684210526315,0.9473684210526315,0,false,false
"CIF-003",1,1,32,34,0.029411764705882353,0.9411764705882353,0.9117647058823529,false,false
"CIF-003",2,30,30,34,0.8823529411764706,0.8823529411764706,0,false,false
"CIF-003",3,1,32,34,0.029411764705882353,0.9411764705882353,0.9117647058823529,false,false
"CIF-004",1,0,13,14,0,0.9285714285714286,0.9285714285714286,false,false
"CIF-004",3,14,14,14,1,1,0,true,true
"CIF-005",1,12,12,12,1,1,0,true,true
"CIF-005",2,12,12,12,1,1,0,true,true
"CIF-005",3,12,12,12,1,1,0,true,true
"CIF-006",1,37,36,38,0.9736842105263158,0.9473684210526315,-0.026315789473684292,false,false
"CIF-006",2,36,37,38,0.9473684210526315,0.9736842105263158,0.026315789473684292,false,false
"CIF-006",3,38,36,38,1,0.9473684210526315,-0.052631578947368474,true,false
"CIF-007",1,27,27,27,1,1,0,true,true
"CIF-007",2,1,27,27,0.037037037037037035,1,0.962962962962963,false,true
"CIF-007",3,1,27,27,0.037037037037037035,1,0.962962962962963,false,true
"CIF-008",1,28,28,30,0.9333333333333333,0.9333333333333333,0,false,false
"CIF-008",2,29,28,30,0.9666666666666667,0.9333333333333333,-0.033333333333333326,false,false
"CIF-008",3,28,29,30,0.9333333333333333,0.9666666666666667,0.033333333333333326,false,false
"CIF-009",1,9,9,10,0.9,0.9,0,false,false
"CIF-009",2,0,9,10,0,0.9,0.9,false,false
"CIF-009",3,9,10,10,0.9,1,0.09999999999999998,false,true
"CIF-010",1,25,26,26,0.9615384615384616,1,0.038461538461538436,false,true
"CIF-010",2,26,25,26,1,0.9615384615384616,-0.038461538461538436,true,false
"CIF-010",3,26,25,26,1,0.9615384615384616,-0.038461538461538436,true,false
"CIF-011",1,16,17,18,0.8888888888888888,0.9444444444444444,0.05555555555555558,false,false
"CIF-011",2,17,17,18,0.9444444444444444,0.9444444444444444,0,false,false
"CIF-011",3,17,17,18,0.9444444444444444,0.9444444444444444,0,false,false
"CIF-013",1,20,22,22,0.9090909090909091,1,0.09090909090909094,false,true
"CIF-013",2,22,22,22,1,1,0,true,true
"CIF-013",3,22,22,22,1,1,0,true,true
"CIF-014",1,22,20,24,0.9166666666666666,0.8333333333333334,-0.08333333333333326,false,false
"CIF-014",3,22,18,24,0.9166666666666666,0.75,-0.16666666666666663,false,false
"CIF-015",1,15,15,15,1,1,0,true,true
"CIF-015",2,15,15,15,1,1,0,true,true
"CIF-015",3,15,15,15,1,1,0,true,true
"CIF-016",1,17,17,17,1,1,0,true,true
"CIF-016",3,17,17,17,1,1,0,true,true
"CIF-017",1,16,15,16,1,0.9375,-0.0625,true,false
"CIF-017",3,15,16,16,0.9375,1,0.0625,false,true
"CIF-019",1,5,19,20,0.25,0.95,0.7,false,false
"CIF-019",2,20,20,20,1,1,0,true,true
"CIF-020",3,11,13,14,0.7857142857142857,0.9285714285714286,0.1428571428571429,false,false
"CIF-021",1,30,30,30,1,1,0,true,true
"CIF-021",2,30,30,30,1,1,0,true,true
"CIF-021",3,30,30,30,1,1,0,true,true
"CIF-022",1,16,16,16,1,1,0,true,true
"CIF-022",2,16,16,16,1,1,0,true,true
"CIF-022",3,16,16,16,1,1,0,true,true
"CIF-023",1,12,9,13,0.9230769230769231,0.6923076923076923,-0.23076923076923084,false,false
"CIF-023",2,10,11,13,0.7692307692307693,0.8461538461538461,0.07692307692307687,false,false
"CIF-023",3,10,9,13,0.7692307692307693,0.6923076923076923,-0.07692307692307698,false,false
"CIF-024",1,24,24,25,0.96,0.96,0,false,false
"CIF-024",2,24,24,25,0.96,0.96,0,false,false
"CIF-024",3,24,24,25,0.96,0.96,0,false,false
"CIF-025",1,22,21,23,0.9565217391304348,0.9130434782608695,-0.0434782608695653,false,false
"CIF-025",2,22,22,23,0.9565217391304348,0.9565217391304348,0,false,false
"CIF-025",3,23,21,23,1,0.9130434782608695,-0.08695652173913049,true,false
"CIF-026",1,32,31,33,0.9696969696969697,0.9393939393939394,-0.030303030303030276,false,false
"CIF-026",2,31,31,33,0.9393939393939394,0.9393939393939394,0,false,false
"CIF-026",3,31,33,33,0.9393939393939394,1,0.06060606060606055,false,true
"CIF-027",3,4,16,18,0.2222222222222222,0.8888888888888888,0.6666666666666666,false,false
"CIF-028",1,0,10,10,0,1,1,false,true
"CIF-028",2,10,10,10,1,1,0,true,true
"CIF-028",3,10,10,10,1,1,0,true,true
"CIF-029",1,40,40,40,1,1,0,true,true
"CIF-029",2,40,40,40,1,1,0,true,true
"CIF-029",3,40,40,40,1,1,0,true,true
"CIF-030",1,2,16,31,0.06451612903225806,0.5161290322580645,0.45161290322580644,false,false
"CIF-030",2,2,31,31,0.06451612903225806,1,0.935483870967742,false,true
"CIF-031",1,11,11,12,0.9166666666666666,0.9166666666666666,0,false,false
"CIF-031",2,11,11,12,0.9166666666666666,0.9166666666666666,0,false,false
"CIF-031",3,11,11,12,0.9166666666666666,0.9166666666666666,0,false,false
"CIF-032",1,15,14,17,0.8823529411764706,0.8235294117647058,-0.05882352941176472,false,false
"CIF-032",2,17,15,17,1,0.8823529411764706,-0.11764705882352944,true,false
"CIF-032",3,16,15,17,0.9411764705882353,0.8823529411764706,-0.05882352941176472,false,false
"CIF-034",1,21,21,21,1,1,0,true,true
"CIF-034",2,21,21,21,1,1,0,true,true
"CIF-034",3,21,21,21,1,1,0,true,true
"CIF-035",1,5,19,19,0.2631578947368421,1,0.736842105263158,false,true
"CIF-035",2,19,19,19,1,1,0,true,true
"CIF-035",3,19,19,19,1,1,0,true,true
"CIF-036",1,3,13,13,0.23076923076923078,1,0.7692307692307692,false,true
"CIF-036",2,3,12,13,0.23076923076923078,0.9230769230769231,0.6923076923076923,false,false
"CIF-036",3,4,13,13,0.3076923076923077,1,0.6923076923076923,false,true
"CIF-037",2,12,12,12,1,1,0,true,true
"CIF-037",3,6,12,12,0.5,1,0.5,false,true
"CIF-038",2,27,30,32,0.84375,0.9375,0.09375,false,false
"CIF-038",3,31,30,32,0.96875,0.9375,-0.03125,false,false
"CIF-041",1,40,40,40,1,1,0,true,true
"CIF-041",2,40,40,40,1,1,0,true,true
"CIF-041",3,40,40,40,1,1,0,true,true
"CIF-042",1,21,21,21,1,1,0,true,true
"CIF-042",2,21,21,21,1,1,0,true,true
"CIF-042",3,21,21,21,1,1,0,true,true
"CIF-043",1,1,19,23,0.043478260869565216,0.8260869565217391,0.782608695652174,false,false
"CIF-043",2,1,22,23,0.043478260869565216,0.9565217391304348,0.9130434782608696,false,false
"CIF-044",1,4,25,26,0.15384615384615385,0.9615384615384616,0.8076923076923077,false,false
"CIF-044",2,4,23,26,0.15384615384615385,0.8846153846153846,0.7307692307692307,false,false
"CIF-045",1,3,14,14,0.21428571428571427,1,0.7857142857142857,false,true
"CIF-047",1,4,10,10,0.4,1,0.6,false,true
"CIF-047",2,4,10,10,0.4,1,0.6,false,true
"CIF-048",2,1,21,21,0.047619047619047616,1,0.9523809523809523,false,true
"CIF-049",1,10,11,16,0.625,0.6875,0.0625,false,false
"CIF-049",2,9,11,16,0.5625,0.6875,0.125,false,false
"CIF-049",3,9,14,16,0.5625,0.875,0.3125,false,false
"CIF-050",1,13,12,13,1,0.9230769230769231,-0.07692307692307687,true,false
"CIF-050",2,13,12,13,1,0.9230769230769231,-0.07692307692307687,true,false
"CIF-050",3,13,12,13,1,0.9230769230769231,-0.07692307692307687,true,false
"CIF-051",2,19,19,21,0.9047619047619048,0.9047619047619048,0,false,false
"CIF-051",3,19,18,21,0.9047619047619048,0.8571428571428571,-0.04761904761904767,false,false
"CIF-052",1,15,15,17,0.8823529411764706,0.8823529411764706,0,false,false
"CIF-052",2,15,15,17,0.8823529411764706,0.8823529411764706,0,false,false
"CIF-052",3,15,16,17,0.8823529411764706,0.9411764705882353,0.05882352941176472,false,false
"CIF-054",1,10,10,10,1,1,0,true,true
"CIF-054",2,10,10,10,1,1,0,true,true
"CIF-054",3,1,10,10,0.1,1,0.9,false,true
"CIF-055",1,16,14,21,0.7619047619047619,0.6666666666666666,-0.09523809523809523,false,false
"CIF-055",2,16,15,21,0.7619047619047619,0.7142857142857143,-0.04761904761904756,false,false
"CIF-055",3,17,15,21,0.8095238095238095,0.7142857142857143,-0.09523809523809523,false,false
"CIF-056",2,1,15,15,0.06666666666666667,1,0.9333333333333333,false,true
"CIF-056",3,1,15,15,0.06666666666666667,1,0.9333333333333333,false,true
"CIF-059",2,15,15,15,1,1,0,true,true
"CIF-059",3,15,15,15,1,1,0,true,true
"CIF-060",1,20,21,30,0.6666666666666666,0.7,0.033333333333333326,false,false
"CIF-060",2,20,20,30,0.6666666666666666,0.6666666666666666,0,false,false
"CIF-060",3,21,29,30,0.7,0.9666666666666667,0.2666666666666667,false,false
"CIF-062",1,17,18,18,0.9444444444444444,1,0.05555555555555558,false,true
"CIF-062",2,17,17,18,0.9444444444444444,0.9444444444444444,0,false,false
"CIF-062",3,17,17,18,0.9444444444444444,0.9444444444444444,0,false,false
"CIF-063",1,17,15,17,1,0.8823529411764706,-0.11764705882352944,true,false
"CIF-063",2,17,15,17,1,0.8823529411764706,-0.11764705882352944,true,false
"CIF-063",3,17,14,17,1,0.8235294117647058,-0.17647058823529416,true,false
"CIF-064",1,30,30,30,1,1,0,true,true
"CIF-064",2,30,30,30,1,1,0,true,true
"CIF-065",2,0,13,15,0,0.8666666666666667,0.8666666666666667,false,false
"CIF-066",1,33,33,36,0.9166666666666666,0.9166666666666666,0,false,false
"CIF-066",2,34,33,36,0.9444444444444444,0.9166666666666666,-0.02777777777777779,false,false
"CIF-066",3,35,33,36,0.9722222222222222,0.9166666666666666,-0.05555555555555558,false,false
"CIF-067",1,13,18,18,0.7222222222222222,1,0.2777777777777778,false,true
"CIF-067",2,17,18,18,0.9444444444444444,1,0.05555555555555558,false,true
"CIF-067",3,17,18,18,0.9444444444444444,1,0.05555555555555558,false,true
"CIF-068",1,18,15,19,0.9473684210526315,0.7894736842105263,-0.1578947368421052,false,false
"CIF-068",2,18,18,19,0.9473684210526315,0.9473684210526315,0,false,false
"CIF-068",3,18,15,19,0.9473684210526315,0.7894736842105263,-0.1578947368421052,false,false
"CIF-069",1,10,10,10,1,1,0,true,true
"CIF-069",2,10,10,10,1,1,0,true,true
"CIF-069",3,10,10,10,1,1,0,true,true
"CIF-070",1,18,18,18,1,1,0,true,true
"CIF-070",2,18,18,18,1,1,0,true,true
"CIF-070",3,18,18,18,1,1,0,true,true
"CIF-071",1,29,29,29,1,1,0,true,true
"CIF-071",2,29,29,29,1,1,0,true,true
"CIF-071",3,29,29,29,1,1,0,true,true
"CIF-072",2,0,17,17,0,1,1,false,true
"CIF-073",1,28,28,29,0.9655172413793104,0.9655172413793104,0,false,false
"CIF-073",2,28,27,29,0.9655172413793104,0.9310344827586207,-0.034482758620689724,false,false
"CIF-073",3,28,28,29,0.9655172413793104,0.9655172413793104,0,false,false
"CIF-074",1,23,22,24,0.9583333333333334,0.9166666666666666,-0.04166666666666674,false,false
"CIF-074",2,24,24,24,1,1,0,true,true
"CIF-074",3,23,24,24,0.9583333333333334,1,0.04166666666666663,false,true
"CIF-075",1,0,13,15,0,0.8666666666666667,0.8666666666666667,false,false
"CIF-075",2,0,13,15,0,0.8666666666666667,0.8666666666666667,false,false
"CIF-075",3,14,12,15,0.9333333333333333,0.8,-0.1333333333333333,false,false
