qid,eligible_pair_count,direct_mean,labyrinth_mean,delta,outcome
"CIF-001",2,1,1,0,"tie"
"CIF-002",3,0.8947368421052632,0.9649122807017543,0.07017543859649111,"labyrinth_win"
"CIF-003",3,0.3137254901960784,0.9215686274509803,0.6078431372549019,"labyrinth_win"
"CIF-004",2,0.5,0.9642857142857143,0.4642857142857143,"labyrinth_win"
"CIF-005",3,1,1,0,"tie"
"CIF-006",3,0.9736842105263158,0.956140350877193,-0.01754385964912286,"labyrinth_loss"
"CIF-007",3,0.35802469135802467,1,0.6419753086419753,"labyrinth_win"
"CIF-008",3,0.9444444444444443,0.9444444444444445,2.220446049250313E-16,"tie"
"CIF-009",3,0.6,0.9333333333333332,0.33333333333333326,"labyrinth_win"
"CIF-010",3,0.9871794871794872,0.9743589743589745,-0.012820512820512775,"labyrinth_loss"
"CIF-011",3,0.9259259259259259,0.9444444444444443,0.01851851851851838,"labyrinth_win"
"CIF-013",3,0.9696969696969697,1,0.030303030303030276,"labyrinth_win"
"CIF-014",2,0.9166666666666666,0.7916666666666667,-0.12499999999999989,"labyrinth_loss"
"CIF-015",3,1,1,0,"tie"
"CIF-016",2,1,1,0,"tie"
"CIF-017",2,0.96875,0.96875,0,"tie"
"CIF-019",2,0.625,0.975,0.35,"labyrinth_win"
"CIF-020",1,0.7857142857142857,0.9285714285714286,0.1428571428571429,"labyrinth_win"
"CIF-021",3,1,1,0,"tie"
"CIF-022",3,1,1,0,"tie"
"CIF-023",3,0.8205128205128206,0.7435897435897436,-0.07692307692307698,"labyrinth_loss"
"CIF-024",3,0.96,0.96,0,"tie"
"CIF-025",3,0.9710144927536232,0.927536231884058,-0.04347826086956519,"labyrinth_loss"
"CIF-026",3,0.9494949494949495,0.9595959595959597,0.010101010101010166,"labyrinth_win"
"CIF-027",1,0.2222222222222222,0.8888888888888888,0.6666666666666666,"labyrinth_win"
"CIF-028",3,0.6666666666666666,1,0.33333333333333337,"labyrinth_win"
"CIF-029",3,1,1,0,"tie"
"CIF-030",2,0.06451612903225806,0.7580645161290323,0.6935483870967742,"labyrinth_win"
"CIF-031",3,0.9166666666666666,0.9166666666666666,0,"tie"
"CIF-032",3,0.9411764705882352,0.8627450980392156,-0.07843137254901955,"labyrinth_loss"
"CIF-034",3,1,1,0,"tie"
"CIF-035",3,0.7543859649122807,1,0.24561403508771928,"labyrinth_win"
"CIF-036",3,0.25641025641025644,0.9743589743589745,0.7179487179487181,"labyrinth_win"
"CIF-037",2,0.75,1,0.25,"labyrinth_win"
"CIF-038",2,0.90625,0.9375,0.03125,"labyrinth_win"
"CIF-041",3,1,1,0,"tie"
"CIF-042",3,1,1,0,"tie"
"CIF-043",2,0.043478260869565216,0.8913043478260869,0.8478260869565217,"labyrinth_win"
"CIF-044",2,0.15384615384615385,0.9230769230769231,0.7692307692307693,"labyrinth_win"
"CIF-045",1,0.21428571428571427,1,0.7857142857142857,"labyrinth_win"
"CIF-047",2,0.4,1,0.6,"labyrinth_win"
"CIF-048",1,0.047619047619047616,1,0.9523809523809523,"labyrinth_win"
"CIF-049",3,0.5833333333333334,0.75,0.16666666666666663,"labyrinth_win"
"CIF-050",3,1,0.923076923076923,-0.07692307692307698,"labyrinth_loss"
"CIF-051",2,0.9047619047619048,0.8809523809523809,-0.023809523809523836,"labyrinth_loss"
"CIF-052",3,0.8823529411764706,0.9019607843137255,0.019607843137254943,"labyrinth_win"
"CIF-054",3,0.7000000000000001,1,0.29999999999999993,"labyrinth_win"
"CIF-055",3,0.7777777777777777,0.6984126984126985,-0.0793650793650792,"labyrinth_loss"
"CIF-056",2,0.06666666666666667,1,0.9333333333333333,"labyrinth_win"
"CIF-059",2,1,1,0,"tie"
"CIF-060",3,0.6777777777777777,0.7777777777777778,0.10000000000000009,"labyrinth_win"
"CIF-062",3,0.9444444444444443,0.9629629629629629,0.0185185185185186,"labyrinth_win"
"CIF-063",3,1,0.8627450980392156,-0.13725490196078438,"labyrinth_loss"
"CIF-064",2,1,1,0,"tie"
"CIF-065",1,0,0.8666666666666667,0.8666666666666667,"labyrinth_win"
"CIF-066",3,0.9444444444444445,0.9166666666666666,-0.0277777777777779,"labyrinth_loss"
"CIF-067",3,0.8703703703703702,1,0.12962962962962976,"labyrinth_win"
"CIF-068",3,0.9473684210526315,0.8421052631578947,-0.10526315789473684,"labyrinth_loss"
"CIF-069",3,1,1,0,"tie"
"CIF-070",3,1,1,0,"tie"
"CIF-071",3,1,1,0,"tie"
"CIF-072",1,0,1,1,"labyrinth_win"
"CIF-073",3,0.9655172413793104,0.9540229885057472,-0.011494252873563204,"labyrinth_loss"
"CIF-074",3,0.9722222222222223,0.9722222222222222,-1.1102230246251565E-16,"tie"
"CIF-075",3,0.3111111111111111,0.8444444444444444,0.5333333333333333,"labyrinth_win"
