audit_id,qid,epoch,route,packet_id,criterion_token,automated_score,audit_score,disposition,answer_sha256,criterion_sha256
"audit-da8c3033fa7cbeb391e5","CIF-001",2,"direct","pkt-d74c8cf20b4fad54161cd934","criterion-04",1,1,"confirmed","4347a26f79f2cd92b3fc0d25c207642bebd9cb2571401964ac8f0a1445852e5a","fd746d8c18c5549d1542364c93690c96a3f12ed9417453cba9cb8aec83703ee9"
"audit-bf59f86d906270af33cf","CIF-001",2,"direct","pkt-d74c8cf20b4fad54161cd934","criterion-08",1,1,"confirmed_with_criterion_wording_ambiguity","4347a26f79f2cd92b3fc0d25c207642bebd9cb2571401964ac8f0a1445852e5a","8ee5e354c87e159e9dc2049b85230e5357bc3358c58390054258675b477f4350"
"audit-8fdbec7880b77f682286","CIF-001",2,"direct","pkt-d74c8cf20b4fad54161cd934","criterion-09",1,1,"confirmed","4347a26f79f2cd92b3fc0d25c207642bebd9cb2571401964ac8f0a1445852e5a","51cfbf21d6cbdb6dc95f744e0bc15a085fc575a9bc5ae2587238afc252b81d07"
"audit-f29f47cac68b34992cd2","CIF-001",2,"direct","pkt-d74c8cf20b4fad54161cd934","criterion-17",1,1,"confirmed","4347a26f79f2cd92b3fc0d25c207642bebd9cb2571401964ac8f0a1445852e5a","885990ccfe417c4df4c83a4b2d8c55eae4e6c1c3fa3dcf4dcc5fb1adce5eec3e"
"audit-9f30790d81d5b5595f4a","CIF-001",2,"labyrinth","pkt-d81e7d1ca4b42d8486f3f260","criterion-04",1,1,"confirmed","d9c0d957746f490fa8a379a1429a50bb2b3c53e4ec1a3f55007965b15b85a837","fd746d8c18c5549d1542364c93690c96a3f12ed9417453cba9cb8aec83703ee9"
"audit-ff5d8c91eb905ec6b9e9","CIF-001",2,"labyrinth","pkt-d81e7d1ca4b42d8486f3f260","criterion-08",1,1,"confirmed","d9c0d957746f490fa8a379a1429a50bb2b3c53e4ec1a3f55007965b15b85a837","8ee5e354c87e159e9dc2049b85230e5357bc3358c58390054258675b477f4350"
"audit-209dcfaf3329a051be8c","CIF-001",2,"labyrinth","pkt-d81e7d1ca4b42d8486f3f260","criterion-09",1,1,"confirmed","d9c0d957746f490fa8a379a1429a50bb2b3c53e4ec1a3f55007965b15b85a837","51cfbf21d6cbdb6dc95f744e0bc15a085fc575a9bc5ae2587238afc252b81d07"
"audit-bd6081b76452267f3ffc","CIF-001",2,"labyrinth","pkt-d81e7d1ca4b42d8486f3f260","criterion-17",1,1,"confirmed","d9c0d957746f490fa8a379a1429a50bb2b3c53e4ec1a3f55007965b15b85a837","885990ccfe417c4df4c83a4b2d8c55eae4e6c1c3fa3dcf4dcc5fb1adce5eec3e"
"audit-ded2ce8b65df07377a9f","CIF-014",1,"direct","pkt-57c5f57e6d2f4d1b1ead4a3a","criterion-02",1,1,"confirmed","feb34c4afd71ba6d23c26168ffe97952474da5a610fba6133bec4ae5847e373b","11f5bec7d3d46084fd963856f0fc8da2088f92eaef9ae349dea6614f26ab63e1"
"audit-7722af7f08008050d8fc","CIF-014",1,"direct","pkt-57c5f57e6d2f4d1b1ead4a3a","criterion-12",1,1,"confirmed","feb34c4afd71ba6d23c26168ffe97952474da5a610fba6133bec4ae5847e373b","7c83a7f74999624d79aa3343de32a5086fc4de7bdf08b56ffb109dba33df0131"
"audit-83fe1204f6e7e9a74372","CIF-014",1,"direct","pkt-57c5f57e6d2f4d1b1ead4a3a","criterion-15",1,1,"confirmed","feb34c4afd71ba6d23c26168ffe97952474da5a610fba6133bec4ae5847e373b","e26759b07f0b1c9ff23a1edca65c7f3e91c9594dd58ebc91fe318ba5516ea7a1"
"audit-0f8a9e1bb13a5491ae8b","CIF-014",1,"direct","pkt-57c5f57e6d2f4d1b1ead4a3a","criterion-18",1,1,"confirmed","feb34c4afd71ba6d23c26168ffe97952474da5a610fba6133bec4ae5847e373b","71d606aaaa7054976385a5066d1e67d3a36b7875955c4e8942170438d621ebcc"
"audit-d76a6a3f46cdcb4ce363","CIF-014",1,"labyrinth","pkt-b725e7cc13493bcb807e75d6","criterion-02",1,1,"confirmed","9cf95963d35dcc01520bfa17a9203a5dd20bc76a4ee231823c5adfdcb605e313","11f5bec7d3d46084fd963856f0fc8da2088f92eaef9ae349dea6614f26ab63e1"
"audit-67f5e67e3b186e5b1f8d","CIF-014",1,"labyrinth","pkt-b725e7cc13493bcb807e75d6","criterion-12",1,1,"confirmed","9cf95963d35dcc01520bfa17a9203a5dd20bc76a4ee231823c5adfdcb605e313","7c83a7f74999624d79aa3343de32a5086fc4de7bdf08b56ffb109dba33df0131"
"audit-05a43fc690dc265277ea","CIF-014",1,"labyrinth","pkt-b725e7cc13493bcb807e75d6","criterion-15",0,0,"confirmed","9cf95963d35dcc01520bfa17a9203a5dd20bc76a4ee231823c5adfdcb605e313","e26759b07f0b1c9ff23a1edca65c7f3e91c9594dd58ebc91fe318ba5516ea7a1"
"audit-333a5a6c6391fbd98c37","CIF-014",1,"labyrinth","pkt-b725e7cc13493bcb807e75d6","criterion-18",0,0,"confirmed","9cf95963d35dcc01520bfa17a9203a5dd20bc76a4ee231823c5adfdcb605e313","71d606aaaa7054976385a5066d1e67d3a36b7875955c4e8942170438d621ebcc"
"audit-033413d2b65413ae9d5c","CIF-028",1,"direct","pkt-1e058cba83562004996c953d","criterion-02",0,0,"confirmed","3a9a91e57830e2a5f47f31c2e1c675b7677d69a207ca4a30b2f47f4ac7667430","cd7f7411a04fccc7cb47a8b408be698e50da4374e84cb2c6111add3b3197a046"
"audit-cb9314b85a799e4b2144","CIF-028",1,"direct","pkt-1e058cba83562004996c953d","criterion-04",0,0,"confirmed","3a9a91e57830e2a5f47f31c2e1c675b7677d69a207ca4a30b2f47f4ac7667430","ca40d95b7f4b061757fe802c49e3bab475e5393d1b7428525444b2ff77626181"
"audit-92518749c9a5c1a50cc9","CIF-028",1,"direct","pkt-1e058cba83562004996c953d","criterion-05",0,0,"confirmed","3a9a91e57830e2a5f47f31c2e1c675b7677d69a207ca4a30b2f47f4ac7667430","d3db99686ab13faa4db0797e1a17796ef9e884c5b4da85c37d9b40a3bd62b7bf"
"audit-ad582bd4351126d083a0","CIF-028",1,"direct","pkt-1e058cba83562004996c953d","criterion-07",0,0,"confirmed","3a9a91e57830e2a5f47f31c2e1c675b7677d69a207ca4a30b2f47f4ac7667430","177482669831284e741b4f1d368fa4153cbc9adef25b9752ac6fe592651bda0c"
"audit-29cdee87f559575979fa","CIF-028",1,"labyrinth","pkt-c15bf689c0dd74fa3951e772","criterion-02",1,1,"confirmed","15a3db9b4e06783b180a4e19ba2755bae5b44e26ac766e112f9a0bcde65300ae","cd7f7411a04fccc7cb47a8b408be698e50da4374e84cb2c6111add3b3197a046"
"audit-a50cda3e092f2ee63455","CIF-028",1,"labyrinth","pkt-c15bf689c0dd74fa3951e772","criterion-04",1,1,"confirmed","15a3db9b4e06783b180a4e19ba2755bae5b44e26ac766e112f9a0bcde65300ae","ca40d95b7f4b061757fe802c49e3bab475e5393d1b7428525444b2ff77626181"
"audit-5b160d5bcd39f6f5174f","CIF-028",1,"labyrinth","pkt-c15bf689c0dd74fa3951e772","criterion-05",1,1,"confirmed","15a3db9b4e06783b180a4e19ba2755bae5b44e26ac766e112f9a0bcde65300ae","d3db99686ab13faa4db0797e1a17796ef9e884c5b4da85c37d9b40a3bd62b7bf"
"audit-a88f1f0c2f098c0f5733","CIF-028",1,"labyrinth","pkt-c15bf689c0dd74fa3951e772","criterion-07",1,1,"confirmed","15a3db9b4e06783b180a4e19ba2755bae5b44e26ac766e112f9a0bcde65300ae","177482669831284e741b4f1d368fa4153cbc9adef25b9752ac6fe592651bda0c"
"audit-c397e2ed756335ab739b","CIF-056",3,"direct","pkt-31db89d37ed8a0547d3558b8","criterion-01",0,0,"confirmed","0cbb43e44c462cfa93f7de35c7acf3a7ce497cd18307f52e1ff859a86ab1c086","be1e5d48786a5bcc5776accce4e7207af6ecc3c3f347169f6de2c94bf49e3314"
"audit-a4bfd9e494f1373b7cea","CIF-056",3,"direct","pkt-31db89d37ed8a0547d3558b8","criterion-06",0,0,"confirmed","0cbb43e44c462cfa93f7de35c7acf3a7ce497cd18307f52e1ff859a86ab1c086","7829448f1de89548c0454945b6511d55a444998882d58231f7a6a00d887c2996"
"audit-a3bcb8b530d1a2aac898","CIF-056",3,"direct","pkt-31db89d37ed8a0547d3558b8","criterion-08",0,0,"confirmed","0cbb43e44c462cfa93f7de35c7acf3a7ce497cd18307f52e1ff859a86ab1c086","1a0ade7d35281812017fa36f91b0236418e8b5e7e680095445b800b29de873ec"
"audit-bff6345db95d913f2b9b","CIF-056",3,"direct","pkt-31db89d37ed8a0547d3558b8","criterion-09",0,0,"confirmed","0cbb43e44c462cfa93f7de35c7acf3a7ce497cd18307f52e1ff859a86ab1c086","b9d73c850df4533e1b5954f52961882e24261408b7d48e5088edd01569f528a7"
"audit-db43e0c289653737ec6a","CIF-056",3,"labyrinth","pkt-0dfd48115d8045290fa95cc6","criterion-01",1,1,"confirmed","00d7385fcc57af92dcf76e288245851c777950e3fc7c9fa42f5315ad5aa7a067","be1e5d48786a5bcc5776accce4e7207af6ecc3c3f347169f6de2c94bf49e3314"
"audit-dbf0b5b9ee377461b590","CIF-056",3,"labyrinth","pkt-0dfd48115d8045290fa95cc6","criterion-06",1,1,"confirmed","00d7385fcc57af92dcf76e288245851c777950e3fc7c9fa42f5315ad5aa7a067","7829448f1de89548c0454945b6511d55a444998882d58231f7a6a00d887c2996"
"audit-b945d6ef84a437ae2e55","CIF-056",3,"labyrinth","pkt-0dfd48115d8045290fa95cc6","criterion-08",1,1,"confirmed","00d7385fcc57af92dcf76e288245851c777950e3fc7c9fa42f5315ad5aa7a067","1a0ade7d35281812017fa36f91b0236418e8b5e7e680095445b800b29de873ec"
"audit-131e30a08e94cb88db05","CIF-056",3,"labyrinth","pkt-0dfd48115d8045290fa95cc6","criterion-09",1,1,"confirmed","00d7385fcc57af92dcf76e288245851c777950e3fc7c9fa42f5315ad5aa7a067","b9d73c850df4533e1b5954f52961882e24261408b7d48e5088edd01569f528a7"
"audit-18a8285ccf02e6abdbd0","CIF-063",3,"direct","pkt-ecfedab466d7d8aac78e0baa","criterion-01",1,1,"confirmed","95439e9dcde8e2d10478cb3e5f0738ec4338eb8280891aadad1017e460b7a06a","a6ceea86d770f4070e5d985b5f7397f526666e1a45441381aacbb5a0ea16da53"
"audit-9c71a89b22900ee69fd2","CIF-063",3,"direct","pkt-ecfedab466d7d8aac78e0baa","criterion-02",1,1,"confirmed","95439e9dcde8e2d10478cb3e5f0738ec4338eb8280891aadad1017e460b7a06a","6e796a36ee232d45bf3c4826ba5f8c2d3d6e364795dfe9eafb659df1af675707"
"audit-49db8c2f5e02f864f676","CIF-063",3,"direct","pkt-ecfedab466d7d8aac78e0baa","criterion-03",1,1,"confirmed","95439e9dcde8e2d10478cb3e5f0738ec4338eb8280891aadad1017e460b7a06a","dd2b4a0dd10e35828b6fb13948e9b6225d6ecb692cf6c91abb2017b2e3f577dd"
"audit-a3587a67964a6a58c620","CIF-063",3,"direct","pkt-ecfedab466d7d8aac78e0baa","criterion-05",1,1,"confirmed","95439e9dcde8e2d10478cb3e5f0738ec4338eb8280891aadad1017e460b7a06a","edc9b10befbf71d0534e3262462de38823047289040cd322b1d02352deab07bf"
"audit-080f6d1e25b154f7c4dd","CIF-063",3,"labyrinth","pkt-36a1429fab5ab34315d811af","criterion-01",0,0,"confirmed","7dbf0a048c16aaa637f35c72a5b7b1dfa2a275de9828d66fcbe0543860db4df1","a6ceea86d770f4070e5d985b5f7397f526666e1a45441381aacbb5a0ea16da53"
"audit-cbd29030c9cbf8af35f1","CIF-063",3,"labyrinth","pkt-36a1429fab5ab34315d811af","criterion-02",0,0,"confirmed","7dbf0a048c16aaa637f35c72a5b7b1dfa2a275de9828d66fcbe0543860db4df1","6e796a36ee232d45bf3c4826ba5f8c2d3d6e364795dfe9eafb659df1af675707"
"audit-b924291908b6d3037625","CIF-063",3,"labyrinth","pkt-36a1429fab5ab34315d811af","criterion-03",1,1,"confirmed","7dbf0a048c16aaa637f35c72a5b7b1dfa2a275de9828d66fcbe0543860db4df1","dd2b4a0dd10e35828b6fb13948e9b6225d6ecb692cf6c91abb2017b2e3f577dd"
"audit-7b20f6fb068160eee4fd","CIF-063",3,"labyrinth","pkt-36a1429fab5ab34315d811af","criterion-05",0,0,"confirmed","7dbf0a048c16aaa637f35c72a5b7b1dfa2a275de9828d66fcbe0543860db4df1","edc9b10befbf71d0534e3262462de38823047289040cd322b1d02352deab07bf"
"audit-ebc2eea7a7f7204ebd0e","CIF-072",2,"direct","pkt-e0d02d37929aa1e91edeb488","criterion-02",0,0,"confirmed","030a898c8b5a620110430b204d6c27dba40f9cc474c0d12f33fcd2bdf2af27a4","b39f331f17e9195c74bdc74681f051fabff0f26d0fb5b3d7d543cef1f03a38e9"
"audit-ed369d98f6476c971827","CIF-072",2,"direct","pkt-e0d02d37929aa1e91edeb488","criterion-03",0,0,"confirmed","030a898c8b5a620110430b204d6c27dba40f9cc474c0d12f33fcd2bdf2af27a4","8792a0240a006ebcea6a9eee49725bd13d42bb13a3a70a25522ddc1ebc7acfb0"
"audit-c8224cb23d5f4e08dfeb","CIF-072",2,"direct","pkt-e0d02d37929aa1e91edeb488","criterion-07",0,0,"confirmed","030a898c8b5a620110430b204d6c27dba40f9cc474c0d12f33fcd2bdf2af27a4","e79d1cdf90dacc5d11259724e12318c1534560cf2e33a46fd8af01f03c83eeb7"
"audit-abde7197917b3e6a9d89","CIF-072",2,"direct","pkt-e0d02d37929aa1e91edeb488","criterion-09",0,0,"confirmed","030a898c8b5a620110430b204d6c27dba40f9cc474c0d12f33fcd2bdf2af27a4","4e7efb192a4ccc231d313b3ea4d345f89a75ec24b6e4451eae7d1850cbcfc2cf"
"audit-4de0d8965de8687717e5","CIF-072",2,"direct","pkt-e0d02d37929aa1e91edeb488","criterion-10",0,0,"confirmed","030a898c8b5a620110430b204d6c27dba40f9cc474c0d12f33fcd2bdf2af27a4","4cf36072b6134c23a9cbe6403eb7f1e05d1bf59ecf02225d95b6bad66962cbef"
"audit-2a2a5d40d4042ddc37fb","CIF-072",2,"direct","pkt-e0d02d37929aa1e91edeb488","criterion-12",0,0,"confirmed","030a898c8b5a620110430b204d6c27dba40f9cc474c0d12f33fcd2bdf2af27a4","d6c2cfeb8f01153ac04a8d36c5b791827d8ceff5921eb43f7d21084129901932"
"audit-8d429a04a56be8d69faf","CIF-072",2,"direct","pkt-e0d02d37929aa1e91edeb488","criterion-13",0,0,"confirmed","030a898c8b5a620110430b204d6c27dba40f9cc474c0d12f33fcd2bdf2af27a4","ee64bbc1b0057b9dc7f9c2dba0c2541130814bbde19301f10632926930e4ef9e"
"audit-e1954b983f48f355d921","CIF-072",2,"direct","pkt-e0d02d37929aa1e91edeb488","criterion-16",0,0,"confirmed","030a898c8b5a620110430b204d6c27dba40f9cc474c0d12f33fcd2bdf2af27a4","48ec3a3b80f87cca591fcab070f40958518335453f7b18bb663343e1c9cc936c"
"audit-aef5cdeac41f0cb3497b","CIF-072",2,"labyrinth","pkt-35be40882b5079341ad0e2bc","criterion-02",1,1,"confirmed","9f52af087391f4dbdcac7a6d6e6217e0973f3b0a328a130df1c0505cb056a1dd","b39f331f17e9195c74bdc74681f051fabff0f26d0fb5b3d7d543cef1f03a38e9"
"audit-1c0d4c1acb191acb167e","CIF-072",2,"labyrinth","pkt-35be40882b5079341ad0e2bc","criterion-03",1,1,"confirmed","9f52af087391f4dbdcac7a6d6e6217e0973f3b0a328a130df1c0505cb056a1dd","8792a0240a006ebcea6a9eee49725bd13d42bb13a3a70a25522ddc1ebc7acfb0"
"audit-edd3c52485da53d13c7b","CIF-072",2,"labyrinth","pkt-35be40882b5079341ad0e2bc","criterion-07",1,1,"confirmed","9f52af087391f4dbdcac7a6d6e6217e0973f3b0a328a130df1c0505cb056a1dd","e79d1cdf90dacc5d11259724e12318c1534560cf2e33a46fd8af01f03c83eeb7"
"audit-740dac39f853996401ca","CIF-072",2,"labyrinth","pkt-35be40882b5079341ad0e2bc","criterion-09",1,1,"confirmed","9f52af087391f4dbdcac7a6d6e6217e0973f3b0a328a130df1c0505cb056a1dd","4e7efb192a4ccc231d313b3ea4d345f89a75ec24b6e4451eae7d1850cbcfc2cf"
"audit-ed1e8f6c86c77272a5af","CIF-072",2,"labyrinth","pkt-35be40882b5079341ad0e2bc","criterion-10",1,1,"confirmed","9f52af087391f4dbdcac7a6d6e6217e0973f3b0a328a130df1c0505cb056a1dd","4cf36072b6134c23a9cbe6403eb7f1e05d1bf59ecf02225d95b6bad66962cbef"
"audit-91b1d0394bafc503a74e","CIF-072",2,"labyrinth","pkt-35be40882b5079341ad0e2bc","criterion-12",1,1,"confirmed","9f52af087391f4dbdcac7a6d6e6217e0973f3b0a328a130df1c0505cb056a1dd","d6c2cfeb8f01153ac04a8d36c5b791827d8ceff5921eb43f7d21084129901932"
"audit-5cba2154181accfbe599","CIF-072",2,"labyrinth","pkt-35be40882b5079341ad0e2bc","criterion-13",1,1,"confirmed","9f52af087391f4dbdcac7a6d6e6217e0973f3b0a328a130df1c0505cb056a1dd","ee64bbc1b0057b9dc7f9c2dba0c2541130814bbde19301f10632926930e4ef9e"
"audit-18c0356399102c4df1d4","CIF-072",2,"labyrinth","pkt-35be40882b5079341ad0e2bc","criterion-16",1,1,"confirmed","9f52af087391f4dbdcac7a6d6e6217e0973f3b0a328a130df1c0505cb056a1dd","48ec3a3b80f87cca591fcab070f40958518335453f7b18bb663343e1c9cc936c"
