qid,epoch,direct_fraction,labyrinth_fraction,delta,direct_answer_characters,direct_stub_like
"CIF-003",1,0.029411764705882353,0.9411764705882353,0.9117647058823529,136,true
"CIF-003",3,0.029411764705882353,0.9411764705882353,0.9117647058823529,174,true
"CIF-004",1,0,0.9285714285714286,0.9285714285714286,231,true
"CIF-007",2,0.037037037037037035,1,0.962962962962963,177,true
"CIF-007",3,0.037037037037037035,1,0.962962962962963,151,true
"CIF-009",2,0,0.9,0.9,170,true
"CIF-019",1,0.25,0.95,0.7,142,false
"CIF-027",3,0.2222222222222222,0.8888888888888888,0.6666666666666666,287,false
"CIF-028",1,0,1,1,143,true
"CIF-030",2,0.06451612903225806,1,0.935483870967742,148,false
"CIF-036",1,0.23076923076923078,1,0.7692307692307692,220,true
"CIF-036",2,0.23076923076923078,0.9230769230769231,0.6923076923076923,229,true
"CIF-043",1,0.043478260869565216,0.8260869565217391,0.782608695652174,161,true
"CIF-043",2,0.043478260869565216,0.9565217391304348,0.9130434782608696,144,true
"CIF-044",1,0.15384615384615385,0.9615384615384616,0.8076923076923077,264,true
"CIF-044",2,0.15384615384615385,0.8846153846153846,0.7307692307692307,195,true
"CIF-045",1,0.21428571428571427,1,0.7857142857142857,295,false
"CIF-048",2,0.047619047619047616,1,0.9523809523809523,196,true
"CIF-054",3,0.1,1,0.9,96,true
"CIF-056",2,0.06666666666666667,1,0.9333333333333333,179,true
"CIF-056",3,0.06666666666666667,1,0.9333333333333333,161,true
"CIF-065",2,0,0.8666666666666667,0.8666666666666667,254,true
"CIF-072",2,0,1,1,157,true
"CIF-075",1,0,0.8666666666666667,0.8666666666666667,188,true
"CIF-075",2,0,0.8666666666666667,0.8666666666666667,176,true
